City_ID,City,Lat,Lng,Max Temp,Humidity,Cloudiness,Wind Speed,Country,Date
0,Rabaul,-4.1967,152.1721,300.68,76,58,1.09,PG,1714253995
1,Edinburgh of the seven seas,-37.0676,-12.3116,285.59,71,98,12.48,SH,1714253899
2,Kaiapoi,-43.3783,172.6401,289.57,77,9,1.03,NZ,1714253995
3,Bethel,41.3712,-73.414,288.26,37,0,6.17,US,1714253807
4,Jamestown,42.097,-79.2353,291.88,71,99,5.81,US,1714253904
5,Yellowknife,62.456,-114.3525,273.38,55,20,4.12,CA,1714253694
6,Georgetown,5.4112,100.3354,302.11,85,20,1.54,MY,1714253731
7,Hobyo,5.3505,48.5268,302.45,78,72,6.81,SO,1714253995
8,Carolina beach,34.0352,-77.8936,294.86,78,50,0.45,US,1714253996
9,Prado,-17.3411,-39.2208,297.57,77,0,3.4,BR,1714253996
10,Grytviken,-54.2811,-36.5092,277.08,99,100,7.9,GS,1714253901
11,Codrington,-38.2667,141.9667,282.0,70,77,4.17,AU,1714253913
12,Tolanaro,-25.0319,46.9987,296.19,88,40,2.06,MG,1714253935
13,Taoudenni,22.6783,-3.9836,302.41,32,86,9.67,ML,1714253929
14,Petropavlovsk-kamchatsky,53.0452,158.6483,275.62,99,75,1.0,RU,1714253910
15,Waitangi,-43.9535,-176.5597,286.94,80,18,2.68,NZ,1714253900
16,Tiksi,71.6872,128.8694,255.11,91,39,1.81,RU,1714253899
17,Kununurra,-15.7667,128.7333,290.14,72,5,1.54,AU,1714253916
18,Port-aux-francais,-49.35,70.2167,278.54,73,100,8.78,TF,1714253901
19,Suva,-18.1416,178.4415,300.86,94,75,2.06,FJ,1714253906
20,Avarua,-21.2078,-159.775,301.18,83,75,8.75,CK,1714253913
21,Dhidhdhoo,6.8833,73.1,302.84,71,100,1.36,MV,1714253996
22,Popondetta,-8.7537,148.2534,300.07,83,98,0.1,PG,1714253996
23,Al jawf,29.5,38.75,297.85,33,100,0.93,SA,1714253996
24,Kuala belait,4.5833,114.1833,300.24,90,100,1.44,BN,1714253997
25,Hillsdale,41.0026,-74.0404,287.82,43,100,7.2,US,1714253704
26,Micheweni,-4.9667,39.8333,300.13,79,89,6.83,TZ,1714253997
27,Nova sintra,14.8667,-24.7167,296.46,82,60,9.85,CV,1714253918
28,Dudinka,69.4058,86.1778,261.3,98,100,1.79,RU,1714253923
29,Qui nhon,13.7667,109.2333,299.38,89,94,4.23,VN,1714253997
30,Talnakh,69.4865,88.3972,265.19,95,100,3.43,RU,1714253907
31,Sanctuary point,-35.1114,150.629,286.11,80,5,2.17,AU,1714253997
32,Albany,42.6001,-73.9662,290.51,70,100,2.45,US,1714253749
33,Al ghayzah,16.2079,52.176,300.63,73,86,3.94,YE,1714253997
34,Xinyuan,37.3,99.0,275.21,48,100,0.37,CN,1714253997
35,Hithadhoo,-0.6,73.0833,302.87,74,100,4.68,MV,1714253902
36,Trapani,37.8333,12.6667,286.2,88,0,1.54,IT,1714253997
37,Nuuk,64.1835,-51.7216,275.49,80,75,2.57,GL,1714253997
38,Port mathurin,-19.6833,63.4167,299.91,69,25,3.84,MU,1714253911
39,Olonkinbyen,70.9221,-8.7187,273.1,83,45,1.81,SJ,1714253899
40,Papatowai,-46.5619,169.4708,285.61,76,10,1.55,NZ,1714253905
41,Mount isa,-20.7333,139.5,290.02,48,0,2.57,AU,1714253998
42,Nova olinda do norte,-3.8881,-59.0942,299.43,86,79,1.27,BR,1714253998
43,Cole harbour,44.6724,-63.4751,283.25,34,0,2.68,CA,1714253941
44,Acapulco de juarez,16.8634,-99.8901,302.05,70,40,2.06,MX,1714253657
45,Iskateley,67.6803,53.1512,269.83,95,100,6.26,RU,1714253695
46,Hawaiian paradise park,19.5933,-154.9731,299.88,81,20,4.12,US,1714253900
47,Isafjordur,66.0755,-23.124,274.81,83,80,2.06,IS,1714253643
48,Blackmans bay,-43.0167,147.3167,280.66,91,30,1.34,AU,1714253903
49,Hermanus,-34.4187,19.2345,290.37,78,5,4.11,ZA,1714253908
50,Atafu village,-8.5421,-172.5159,303.12,74,75,7.01,TK,1714253907
51,Klyuchi,52.2667,79.1667,280.46,43,1,0.9,RU,1714253922
52,Hami,42.8,93.45,281.76,16,8,7.42,CN,1714253939
53,Quthing,-30.4,27.7003,286.79,60,96,1.23,LS,1714253998
54,Cabo san lucas,22.8909,-109.9124,303.49,38,20,3.6,MX,1714253676
55,Chongwe,-15.3292,28.682,288.4,66,0,2.34,ZM,1714253998
56,Gordonvale,-17.0936,145.7842,297.03,100,94,2.29,AU,1714253998
57,Iqaluit,63.7506,-68.5145,269.0,92,100,8.23,CA,1714253907
58,Amarante do maranhao,-5.5667,-46.7422,297.24,93,96,0.57,BR,1714253999
59,Samraong,12.4526,105.5873,301.49,75,75,2.67,KH,1714253999
60,Tongchuanshi,35.0806,109.0897,288.23,78,0,2.6,CN,1714253999
61,Monrovia,6.3005,-10.7969,301.09,85,55,3.65,LR,1714253999
62,Chonchi,-42.6128,-73.8092,283.77,90,91,3.2,CL,1714253926
63,Port lincoln,-34.7333,135.8667,287.46,53,7,4.92,AU,1714253904
64,West island,-12.1568,96.8225,301.14,89,75,7.72,CC,1714253901
65,Nar'yan-mar,67.6713,53.087,269.88,95,100,6.26,RU,1714253944
66,Vilyuchinsk,52.9306,158.4028,276.44,98,100,2.19,RU,1714253916
67,Port moresby,-9.4431,147.1797,297.83,94,20,1.54,PG,1714253924
68,Fale old settlement,-9.3852,-171.2468,302.96,75,98,5.81,TK,1714253914
69,Broken hill,-31.95,141.4333,286.51,42,47,1.84,AU,1714253999
70,Namibe,-15.1961,12.1522,297.95,74,4,1.9,AO,1714253925
71,Hatillo,18.4863,-66.8254,301.46,80,100,4.47,PR,1714253999
72,Anadyr,64.75,177.4833,269.43,93,100,6.0,RU,1714253920
73,Ushuaia,-54.8,-68.3,276.96,87,40,1.03,AR,1714253878
74,Umm kaddadah,13.6017,26.6876,302.2,40,63,1.02,SD,1714254000
75,Tromso,69.6496,18.957,274.16,64,20,2.57,NO,1714253905
76,Adamstown,-25.066,-130.1015,296.09,85,100,7.51,PN,1714253899
77,Oak grove,45.4168,-122.6401,285.05,78,100,4.02,US,1714254000
78,Vila velha,-20.3297,-40.2925,298.12,83,0,2.06,BR,1714253930
79,Talagang,32.9297,72.4158,289.96,82,38,3.04,PK,1714254000
80,Chipinge,-20.1883,32.6236,287.29,92,75,2.41,ZW,1714254000
81,Bilibino,68.0546,166.4372,268.89,71,81,1.24,RU,1714253911
82,Yigo village,13.5361,144.8886,300.78,82,40,5.14,GU,1714254000
83,San patricio,28.017,-97.5169,303.2,72,74,10.25,US,1714253917
84,Zhongshu,24.5167,103.7667,287.57,50,0,0.67,CN,1714254000
85,Korla,41.7597,86.1469,283.15,18,100,11.77,CN,1714253653
86,Havre,49.5833,0.3333,284.37,100,75,5.14,FR,1714253912
87,Zhosaly,45.4878,64.0781,285.42,20,0,4.22,KZ,1714254000
88,Port isabel,26.0734,-97.2086,302.19,81,100,8.75,US,1714253421
89,Isyangulovo,52.1909,52.1909,291.3,49,95,7.51,RU,1714254001
90,Shakawe,-18.3667,21.85,292.36,40,4,3.2,BW,1714254001
91,Gracias,14.5833,-88.5833,299.35,64,100,1.69,HN,1714254001
92,Nyurba,63.2842,118.3319,264.34,94,93,1.74,RU,1714254001
93,Labytnangi,66.6572,66.4183,270.03,99,91,1.32,RU,1714254001
94,Tashtagol,52.7657,87.8894,276.22,87,5,0.89,RU,1714254001
95,Puerto baquerizo moreno,-0.9,-89.6,301.7,74,75,5.14,EC,1714253918
96,Touros,-5.1989,-35.4608,300.2,80,100,4.24,BR,1714254001
97,Nizhnesortymskiy,62.4397,71.7603,275.51,100,100,3.55,RU,1714254001
98,Bengkulu,-3.8004,102.2655,298.0,92,100,2.18,ID,1714253941
99,Saint-leu,-21.15,55.2833,298.63,79,76,0.83,RE,1714254002
100,Badger,64.8,-147.5333,285.29,38,0,3.6,US,1714253921
101,Santo domingo zanatepec,16.4831,-94.3475,306.75,43,1,3.99,MX,1714254002
102,Keflavik,64.0049,-22.5624,281.1,81,20,7.2,IS,1714253932
103,Strelka,58.0728,93.0344,273.45,94,100,1.83,RU,1714254002
104,Coruripe,-10.1256,-36.1756,299.38,81,100,4.54,BR,1714254002
105,Saint-pierre,-21.3393,55.4781,298.97,78,100,1.54,RE,1714253784
106,Ulladulla,-35.35,150.4667,288.7,74,0,1.81,AU,1714253936
107,College,64.8569,-147.8028,285.33,42,20,3.6,US,1714253901
108,Soroti,1.7146,33.6111,292.55,90,88,2.85,UG,1714254002
109,Ust-nera,64.5667,143.2,266.69,94,91,2.89,RU,1714253915
110,Thompson,55.7435,-97.8558,273.24,34,0,2.57,CA,1714253844
111,Wotho,10.1657,166.0102,300.78,77,70,8.21,MH,1714254002
112,Lata,40.1629,-8.3327,283.1,95,32,0.98,PT,1714253936
113,Aral,40.5156,81.2636,290.64,24,100,4.89,CN,1714254002
114,Gantang,26.92,119.6333,292.93,99,100,0.34,CN,1714254002
115,Greymouth,-42.4667,171.2,286.31,72,71,1.66,NZ,1714253911
116,Puerto natales,-51.7236,-72.4875,278.4,75,100,4.12,CL,1714253902
117,Poso,-1.3959,120.7524,298.49,84,92,1.66,ID,1714254003
118,Port elizabeth,-33.918,25.5701,292.09,87,63,2.24,ZA,1714253901
119,Pasni,25.2631,63.471,299.16,80,36,4.63,PK,1714254003
120,Punta arenas,-53.15,-70.9167,278.21,70,75,14.4,CL,1714253903
121,Alice springs,-23.7,133.8833,278.9,75,91,3.09,AU,1714253943
122,Remire-montjoly,4.9167,-52.2667,301.17,83,100,3.09,GF,1714253754
123,Murashi,59.3999,48.9615,283.96,93,100,5.8,RU,1714254003
124,Oyama,36.3,139.8,292.92,75,0,0.25,JP,1714254003
125,Portland,45.5234,-122.6762,285.32,78,100,4.02,US,1714254003
126,Utrik,11.2278,169.8474,300.89,78,99,6.7,MH,1714253905
127,Milevsko,49.4509,14.36,282.48,80,4,3.04,CZ,1714254003
128,Ribeira grande,38.5167,-28.7,288.58,74,27,3.13,PT,1714253901
129,Xai-xai,-25.0519,33.6442,295.51,60,80,5.4,MZ,1714254004
130,Bredasdorp,-34.5322,20.0403,289.42,88,41,3.26,ZA,1714253656
131,Geraldton,-28.7667,114.6,286.38,62,74,3.09,AU,1714253910
132,Invercargill,-46.4,168.35,282.05,98,19,1.34,NZ,1714253900
133,Stanley,54.868,-1.6985,278.02,90,0,1.03,GB,1714253869
134,Tucuma,-0.1833,-50.05,298.37,91,100,3.33,BR,1714254004
135,Afaahiti,-17.75,-149.2833,303.08,83,58,9.35,PF,1714253914
136,Adiake,5.2863,-3.304,301.35,84,79,3.18,CI,1714254004
137,Levin,-40.6333,175.275,286.86,73,4,0.76,NZ,1714254004
138,Zouerate,22.7187,-12.4521,297.1,50,100,9.22,MR,1714254004
139,Lebu,-37.6167,-73.65,284.4,70,9,1.82,CL,1714253921
140,Urzhar,47.093,81.6294,278.53,33,29,3.36,KZ,1714254005
141,Margaret river,-33.95,115.0667,288.93,85,100,4.0,AU,1714253899
142,Shunyi,40.125,116.6453,286.12,71,100,2.0,CN,1714254005
143,Karratha,-20.7377,116.8463,298.62,70,2,3.07,AU,1714253925
144,Hamilton,39.1834,-84.5333,299.06,54,0,7.2,US,1714253917
145,Yuzhno-kurilsk,44.0306,145.8556,281.14,96,45,4.03,RU,1714254005
146,Kisangani,0.5167,25.2,295.14,97,55,1.41,CD,1714254005
147,Uturoa,-16.7333,-151.4333,301.54,76,47,9.78,PF,1714253906
148,Lazaro cardenas,17.9583,-102.2,300.99,62,22,3.82,MX,1714253908
149,Paita,-5.0892,-81.1144,296.62,75,68,6.41,PE,1714254005
150,Shizunai-furukawacho,42.3339,142.3669,283.56,75,43,3.39,JP,1714254005
151,Linhares,-19.3911,-40.0722,295.25,78,25,1.95,BR,1714253900
152,Aasiaat,68.7098,-52.8699,272.66,97,99,2.85,GL,1714253906
153,Albox,37.3886,-2.1495,286.66,48,61,2.93,ES,1714254006
154,Bakal,54.9417,58.8083,286.97,81,95,4.46,RU,1714254006
155,Ilulissat,69.2167,-51.1,274.16,93,100,2.06,GL,1714253908
156,Antonio enes,-16.2325,39.9086,297.58,76,39,5.29,MZ,1714254006
157,Lakatoro,-16.0999,167.4164,301.28,81,68,3.7,VU,1714254006
158,Ugoofaaru,5.6667,73.0,302.51,74,97,1.86,MV,1714253912
159,Saipan,15.1355,145.701,301.54,74,20,6.69,MP,1714253936
160,Majene,-3.5403,118.9707,297.92,92,87,2.41,ID,1714254006
161,Saint croix,17.7397,-64.7388,299.79,76,100,1.34,VI,1714254006
162,Antsiranana,-12.2787,49.2917,298.9,82,99,4.2,MG,1714253901
163,Gidam,18.9833,81.4,301.77,44,0,0.14,IN,1714254006
164,Bereznik,62.8551,42.7072,276.72,95,100,3.47,RU,1714254006
165,Bandrele,-12.9067,45.1914,302.01,79,20,6.17,YT,1714254006
166,Sisimiut,66.9395,-53.6735,272.89,90,90,1.3,GL,1714253924
167,Sayyan,15.1718,44.3244,289.65,56,23,0.7,YE,1714254006
168,Harper,4.375,-7.7169,301.23,84,91,3.18,LR,1714253914
169,Kirishi,59.4471,32.0205,279.28,75,11,2.02,RU,1714254007
170,Alofi,-19.0595,-169.9187,302.09,70,75,7.2,NU,1714254007
171,Sheopur,25.6667,76.7,301.36,16,7,0.68,IN,1714254007
172,Reggane,26.7158,0.1714,302.54,12,94,4.4,DZ,1714254007
173,Atar,20.5169,-13.0499,298.51,52,96,3.91,MR,1714254007
174,Lauro de freitas,-12.8944,-38.3272,302.16,70,20,4.63,BR,1714253808
175,Banjarmasin,-3.3244,114.591,300.23,94,100,0.69,ID,1714254007
176,Santa cruz,-17.8,-63.1667,304.18,58,20,8.23,BO,1714254002
177,Guangyuan,32.442,105.823,293.42,80,93,0.48,CN,1714254007
178,Ak'ordat,15.5486,37.8867,304.33,26,53,0.55,ER,1714254007
179,Puerto ayora,-0.7393,-90.3518,304.13,90,21,3.58,EC,1714253908
180,Ochobo,7.183,7.9769,303.17,62,85,1.88,NG,1714254008
181,Djambala,-2.5447,14.7533,295.43,81,84,1.36,CG,1714254008
182,Praia da vitoria,38.7333,-27.0667,288.29,72,40,5.35,PT,1714253920
183,Cuatro cienegas de carranza,26.9833,-102.0833,308.48,5,0,3.62,MX,1714254008
184,Kroya,-7.6331,109.2461,298.69,93,100,1.33,ID,1714254008
185,Kedougou,12.5579,-12.1743,310.42,21,90,1.27,SN,1714254008
186,Fauske,67.2588,15.3918,278.68,70,25,3.09,NO,1714254008
187,Weno,7.4515,151.8468,301.94,78,100,9.22,FM,1714253916
188,Langxiang,46.95,128.8833,277.36,70,79,2.86,CN,1714254008
189,Palmer,42.1584,-72.3287,290.93,30,75,6.69,US,1714253938
190,Pisco,-13.7,-76.2167,297.18,69,0,8.75,PE,1714253645
191,Lompoc,34.6391,-120.4579,297.6,65,0,10.73,US,1714253886
192,Sujiatun,41.6592,123.3392,284.25,62,0,3.0,CN,1714254009
193,Piedimonte matese,41.3508,14.368,287.38,79,65,2.12,IT,1714253969
194,Dwarka,22.2394,68.9678,299.65,78,100,5.54,IN,1714254009
195,Paphos,34.7667,32.4167,292.03,94,100,1.54,CY,1714254009
196,Lyudinovo,53.8664,34.4478,279.71,84,78,1.0,RU,1714254009
197,Nueve de julio,-35.4444,-60.8831,286.46,52,25,2.26,AR,1714253898
198,Villa dolores,-31.9459,-65.1896,288.81,75,49,3.9,AR,1714253940
199,Longyearbyen,78.2186,15.6401,271.06,93,75,0.51,SJ,1714253900
200,Wailua homesteads,22.0669,-159.378,298.59,82,75,4.63,US,1714253905
201,Mungwi,-10.1732,31.3694,286.87,82,1,1.71,ZM,1714254009
202,Rikaze,29.25,88.8833,277.07,40,0,2.31,CN,1714254009
203,Selfoss,63.9331,-20.9971,278.17,67,10,3.04,IS,1714254009
204,Susuman,62.7833,148.1667,268.14,95,100,1.79,RU,1714253914
205,Sumbe,-11.2061,13.8437,299.08,83,2,3.32,AO,1714254010
206,Jaisalmer,26.9147,70.9181,300.74,34,56,4.51,IN,1714254010
207,Arraial do cabo,-22.9661,-42.0278,298.07,78,0,6.69,BR,1714253908
208,Puerto leguizamo,-0.1934,-74.7819,300.62,86,59,1.02,CO,1714254010
209,Kabinda,-6.1333,24.4833,292.76,89,44,1.41,CD,1714254010
210,Gambela,8.25,34.5833,300.02,63,100,1.82,ET,1714254010
211,Langepas,61.2544,75.2124,276.75,93,100,4.24,RU,1714254010
212,Springbok,-29.6643,17.8865,288.86,50,0,2.31,ZA,1714254010
213,Agadez,19.75,10.25,304.07,10,0,3.31,NE,1714254010
214,St. john's,47.5649,-52.7093,275.36,79,75,9.26,CA,1714253883
215,Tinghir,31.5157,-5.5343,290.55,32,87,2.32,MA,1714254010
216,Kailua-kona,19.6406,-155.9956,301.64,73,20,6.17,US,1714253902
217,Holbrook,40.8123,-73.0784,285.95,48,75,6.17,US,1714254011
218,Fortuna,40.5982,-124.1573,288.11,69,100,6.17,US,1714253904
219,Khandyga,62.6667,135.6,267.0,91,100,1.06,RU,1714253921
220,Qaqortoq,60.7167,-46.0333,272.39,94,100,1.88,GL,1714253911
221,Hadibu,12.65,54.0333,301.11,73,97,2.96,YE,1714253924
222,Luau,-10.7073,22.2247,290.28,68,5,1.69,AO,1714254011
223,Berezniki,59.4152,56.8124,287.39,92,95,4.43,RU,1714254011
224,Qurayyat,31.3318,37.3428,299.25,21,75,5.14,SA,1714254011
225,Silopi,37.2497,42.4694,290.8,34,5,2.82,TR,1714254011
226,Port saint john's,-31.6229,29.5448,290.61,82,32,3.85,ZA,1714254011
227,Repentigny,45.7422,-73.4501,292.26,27,100,4.12,CA,1714253876
228,Undurkhaan,47.3194,110.6556,273.09,49,15,2.91,MN,1714254011
229,San antonio de pale,-1.4014,5.6325,301.78,84,43,3.62,GQ,1714253906
230,Saint-laurent-du-maroni,5.5039,-54.0289,299.66,75,100,1.92,GF,1714254012
231,Hammerfest,70.6634,23.6821,273.4,74,75,4.12,NO,1714254012
232,Montepuez,-13.1256,38.9997,292.32,87,3,4.07,MZ,1714253778
233,El dorado,38.7666,-120.5177,291.47,55,15,3.86,US,1714254012
234,Dunedin,-45.8742,170.5036,284.15,99,2,1.26,NZ,1714253902
235,Heniches'k,46.1759,34.8034,288.56,67,51,6.31,UA,1714253945
236,Essaouira,31.5125,-9.77,289.87,77,20,2.57,MA,1714254012
237,Coquimbo,-29.9533,-71.3436,290.0,72,0,6.69,CL,1714253668
238,Gisborne,-38.6533,178.0042,286.84,58,0,1.8,NZ,1714254012
239,Vorgashor,67.5833,63.95,265.41,95,84,5.28,RU,1714253910
240,Cam ranh,11.9214,109.1591,302.13,74,0,3.09,VN,1714254012
241,Kodiak,57.79,-152.4072,279.88,76,100,6.69,US,1714253900
242,Porto novo,6.4965,2.6036,303.05,83,19,3.02,BJ,1714254013
243,Sevastopol,44.6,33.5333,287.04,61,100,3.86,UA,1714253872
244,Jianshui,23.6363,102.8264,291.7,39,1,2.2,CN,1714254013
245,Zaragoza,41.6561,-0.8773,287.6,58,0,3.6,ES,1714253843
246,Sitka,57.0531,-135.33,284.09,71,100,2.57,US,1714253924
247,Birjand,32.8663,59.2211,284.41,58,0,3.09,IR,1714254013
248,Bratsk,56.1325,101.6142,274.42,83,77,3.65,RU,1714254013
249,Paulden,34.8856,-112.4682,290.07,48,100,4.92,US,1714254013
250,Las animas,-39.8087,-73.2182,285.23,88,39,1.47,CL,1714254013
251,Twon-brass,4.3151,6.2418,302.11,78,93,5.18,NG,1714254013
252,Egilsstadir,65.2653,-14.3948,276.1,93,75,5.66,IS,1714254013
253,Zambezi,-13.5432,23.1047,289.66,57,0,2.29,ZM,1714254013
254,Mildura,-34.2,142.15,285.62,51,34,2.33,AU,1714254013
255,Cienfuegos,22.1461,-80.4356,301.04,56,93,7.14,CU,1714254014
256,Carbonear,47.7332,-53.2148,275.61,80,100,6.97,CA,1714254014
257,Ghormach,35.7306,63.7826,288.86,57,99,2.42,AF,1714254014
258,Katsuura,35.1333,140.3,291.25,89,18,2.64,JP,1714253930
259,Sechura,-5.5569,-80.8222,298.96,62,58,6.03,PE,1714254014
260,Male,4.1748,73.5089,302.12,89,75,4.63,MV,1714254014
261,Cidade velha,14.9167,-23.6167,297.41,73,20,7.72,CV,1714254014
262,Chibougamau,49.9168,-74.3659,287.94,26,100,5.66,CA,1714253899
263,Connellsville,40.0178,-79.5895,299.55,84,100,3.37,US,1714254015
264,Paraiso,9.8383,-83.8656,297.63,65,100,1.63,CR,1714254015
265,Isangel,-19.55,169.2667,299.21,78,75,1.03,VU,1714253867
266,Miasskoye,55.2784,61.8905,290.85,88,100,5.59,RU,1714254015
267,Gizo,-8.103,156.8419,302.17,76,82,1.84,SB,1714253940
268,Chui,-33.6971,-53.4616,288.33,64,100,2.42,UY,1714254015
269,Singtam,27.2333,88.5,294.45,48,7,1.67,IN,1714254015
270,Nadi,-17.8,177.4167,302.15,65,75,1.54,FJ,1714253920
271,Bundaberg,-24.85,152.35,292.71,92,7,2.24,AU,1714254015
272,Glendive,47.1053,-104.7125,290.24,33,40,5.14,US,1714254015
273,Katabu,-4.9333,122.5167,297.4,95,97,1.66,ID,1714254015
274,Makushino,55.2103,67.2442,285.91,64,100,7.57,RU,1714254015
275,Severo-yeniseyskiy,60.3725,93.0408,271.25,96,100,2.68,RU,1714253932
276,I-n-salah,27.1935,2.4607,301.63,7,80,4.33,DZ,1714253926
277,Yopal,5.3378,-72.3959,298.8,81,95,0.8,CO,1714254015
278,Slyudyanka,51.6594,103.7061,274.27,72,53,2.43,RU,1714254016
279,Voznesenskoye,54.89,42.7569,284.16,93,32,3.82,RU,1714254016
280,Dzilam gonzalez,21.2833,-88.9333,308.4,30,80,2.47,MX,1714254016
281,Port alfred,-33.5906,26.891,292.14,77,46,2.68,ZA,1714253922
282,Al kharijah,25.4514,30.5464,294.71,17,0,4.11,EG,1714253931
283,Hasaki,35.7333,140.8333,289.42,87,11,3.12,JP,1714253904
284,Prince rupert,54.3161,-130.3201,283.2,74,75,10.29,CA,1714254016
285,Char bhadrasan,23.3167,90.2167,299.86,91,18,3.99,BD,1714254016
286,Constantia,44.1833,28.65,283.54,73,62,3.67,RO,1714253789
287,Lospalos,-8.5186,127.0025,295.49,94,93,2.88,TL,1714254016
288,Pitkyaranta,61.5734,31.4792,275.66,86,6,2.42,RU,1714254016
289,Samana,19.2056,-69.3369,300.13,94,40,0.0,DO,1714254016
290,Veraval,20.9,70.3667,300.64,56,51,5.18,IN,1714254016
291,Bamboo flat,11.7,92.7167,300.2,94,20,1.03,IN,1714254016
292,Tosontsengel,48.7567,98.2839,266.84,77,16,2.13,MN,1714254016
293,Igarka,67.4667,86.5833,270.38,89,100,4.02,RU,1714254017
294,Doka,13.5167,35.7667,307.94,12,100,2.59,SD,1714254017
295,Gadzhiyevo,69.2551,33.3362,272.28,86,100,4.53,RU,1714253934
296,Rio rico,31.4715,-110.9765,295.44,27,75,2.57,US,1714254017
297,Sao vicente,-23.9631,-46.3919,306.25,74,20,1.54,BR,1714254017
298,Sittwe,20.15,92.9,300.69,86,0,1.43,MM,1714254017
299,Yamada,39.4667,141.95,291.13,75,0,0.48,JP,1714254017
300,Colonel hill,22.7667,-74.2167,297.69,66,16,11.28,BS,1714254017
301,Quellon,-43.1167,-73.6167,282.49,90,100,4.28,CL,1714253945
302,Watertown,42.3709,-71.1828,292.42,39,0,5.36,US,1714253844
303,Port-gentil,-0.7193,8.7815,301.31,88,22,6.49,GA,1714254017
304,Saint-philippe,-21.3585,55.7679,298.92,83,85,1.23,RE,1714253937
305,Myeik,12.4333,98.6,299.99,83,7,1.19,MM,1714254017
306,Suihua,46.6406,126.9969,277.71,68,32,4.92,CN,1714253855
307,Palikir - national government center,6.9248,158.1611,300.93,79,83,8.93,FM,1714254017
308,Alta,69.9689,23.2717,273.74,69,75,2.57,NO,1714254018
309,Selinsgrove,40.799,-76.8622,284.77,73,100,2.57,US,1714254018
310,La passe,45.5549,-0.8967,285.36,84,85,7.41,FR,1714253900
311,Dongola,19.1667,30.4833,302.64,19,0,8.28,SD,1714254018
312,Amalapuram,16.5833,82.0167,298.58,96,6,0.64,IN,1714254018
313,El alto,-4.2714,-81.2147,300.96,77,41,5.01,PE,1714254018
314,Sorong,-0.8833,131.25,299.27,90,93,2.84,ID,1714254018
315,Carauari,-4.8828,-66.8958,298.97,95,98,0.49,BR,1714254018
316,Itoman,26.1247,127.6694,298.16,88,40,2.06,JP,1714254018
317,Puerto aysen,-45.4,-72.7,277.8,100,100,2.66,CL,1714254018
318,Pahasu,28.1833,78.05,300.33,26,0,3.69,IN,1714254018
319,Tazovsky,67.4667,78.7,270.14,98,100,2.95,RU,1714253911
320,Mek'ele,13.4967,39.4753,292.51,63,48,2.66,ET,1714254018
321,Ocean shores,46.9737,-124.1563,284.15,94,100,6.17,US,1714253945
322,Kapa'a,22.0752,-159.319,299.33,81,75,4.63,US,1714254019
323,Naze,28.3667,129.4833,293.66,87,22,1.34,JP,1714253938
324,Caldas novas,-17.7417,-48.625,296.88,62,35,0.85,BR,1714254019
325,Buga,3.9009,-76.2978,297.99,85,93,0.78,CO,1714254019
326,Udachny,66.4167,112.4,258.19,99,89,1.7,RU,1714253905
327,Akjoujt,19.6969,-14.4164,299.57,45,86,6.3,MR,1714254019
328,Aylmer,42.7668,-80.983,298.01,85,84,6.9,CA,1714254019
329,Kimbe,-5.5502,150.1429,299.57,90,87,1.68,PG,1714254019
330,Timbuktu,16.7735,-3.0074,306.66,11,0,4.35,ML,1714254020
331,Hats'avan,39.4641,45.9705,281.19,60,0,2.26,AM,1714254020
332,Upata,8.0086,-62.3989,305.48,33,100,2.97,VE,1714254020
333,Vega de alatorre,20.0333,-96.6333,302.39,70,90,3.92,MX,1714254020
334,Nizhneudinsk,54.9076,99.0276,276.37,90,97,2.34,RU,1714253886
335,Saint-louis du nord,19.9333,-72.7167,298.95,82,92,10.28,HT,1714254020
336,Katsuren-haebaru,26.3369,127.8719,298.16,94,0,1.54,JP,1714253940
337,Newport,51.5877,-2.9984,281.61,84,100,7.43,GB,1714253818
338,Whitehorse,60.7161,-135.0538,285.58,26,40,3.6,CA,1714253910
339,Mount pearl,47.5166,-52.7813,274.9,79,75,9.26,CA,1714253820
340,Taldykorgan,45.0156,78.3739,279.3,72,100,0.95,KZ,1714254020
341,Veinticinco de mayo,-35.4323,-60.1727,285.92,61,60,0.45,AR,1714253938
342,Istgah-e rah ahan-e garmsar,35.2346,52.3094,292.27,33,4,3.44,IR,1714254020
343,Lethbridge,49.7,-112.8186,285.69,66,100,7.72,CA,1714253959
344,Tvoroyri,61.5556,-6.8111,280.43,76,100,10.83,FO,1714254021
345,Polyarnyy,69.1989,33.4478,272.1,86,100,4.42,RU,1714253924
346,Lakhipur,26.0299,90.3041,297.56,52,22,1.13,IN,1714254021
347,Sarmiento,-45.5882,-69.07,282.55,50,93,12.36,AR,1714254021
348,Rio grande,-32.035,-52.0986,291.21,72,100,9.89,BR,1714253919
349,Horta,38.5333,-28.6333,288.16,74,34,3.58,PT,1714254021
350,Krasnystaw,50.9846,23.1742,285.26,82,57,3.39,PL,1714254021
351,Pekan,3.4836,103.3996,299.21,93,97,1.48,MY,1714254021
352,Tura,25.5198,90.2201,297.78,79,54,3.39,IN,1714253917
353,Kijang,35.2442,129.2139,284.0,74,6,0.82,KR,1714253953
354,Edd,13.9297,41.6925,305.84,52,98,7.3,ER,1714254021
355,Noosa heads,-26.3833,153.15,292.23,75,34,6.54,AU,1714254021
356,Maricopa,33.0581,-112.0476,300.25,24,0,4.63,US,1714254022
357,Cidreira,-30.1811,-50.2056,295.62,94,100,7.91,BR,1714254022
358,Xylokastro,38.0776,22.6317,292.23,65,0,1.55,GR,1714254022
359,Sinabang,2.4803,96.3801,300.27,83,100,1.99,ID,1714254022
360,Porbandar,21.6422,69.6093,300.03,67,78,5.03,IN,1714254022
361,Paradip garh,20.3167,86.6167,301.1,82,0,4.21,IN,1714254022
362,Box elder,41.5005,-112.8764,283.85,87,100,2.55,US,1714254022
363,Bichura,50.5881,107.6022,271.75,72,12,1.43,RU,1714254022
364,Nacozari de garcia,30.3742,-109.6908,294.8,19,18,9.14,MX,1714254022
365,Yeraliyev,43.2,51.65,292.5,24,11,6.41,KZ,1714254022
366,Miri,4.4148,114.0089,300.23,94,40,0.0,MY,1714254022
367,Tarauaca,-8.1614,-70.7656,300.69,82,100,0.88,BR,1714253927
368,Santa ana,33.7456,-117.8678,299.22,58,0,6.69,US,1714253810
369,Ta`u,-14.2336,-169.5144,302.14,76,23,7.44,AS,1714253904
370,Qeshm,26.9581,56.2719,299.09,60,33,3.54,IR,1714254023
371,Fort-shevchenko,44.5086,50.263,292.34,25,7,6.72,KZ,1714254023
372,Vila franca do campo,37.7167,-25.4333,288.38,76,43,4.82,PT,1714253916
373,Cadale,2.7603,46.3222,301.78,76,100,7.3,SO,1714254023
374,Ribeira brava,32.65,-17.0667,290.5,63,37,2.94,PT,1714254023
375,Walvis bay,-22.9575,14.5053,291.02,67,42,1.61,NA,1714254023
376,San luis de la loma,17.2706,-100.8939,301.87,61,43,3.11,MX,1714254023
377,Kruisfontein,-34.0033,24.7314,290.86,86,81,2.5,ZA,1714253909
378,Vadso,70.0744,29.7487,273.64,80,100,5.66,NO,1714253908
379,East london,-33.0153,27.9116,292.04,72,51,8.62,ZA,1714253916
380,Laguna,38.421,-121.4238,297.69,40,0,3.6,US,1714253915
381,Happy valley-goose bay,53.3168,-60.3315,287.32,26,20,4.63,CA,1714253886
382,Kish,26.5578,54.0194,300.3,57,0,2.06,IR,1714254024
383,San juan de miraflores,-12.1629,-76.9635,295.44,82,60,2.86,PE,1714254024
384,Colares,38.7992,-9.4469,286.9,75,6,12.52,PT,1714253950
385,Bornu yassu,12.2774,12.5552,304.85,13,80,2.3,NG,1714254024
386,Alo,7.4178,6.7371,303.72,62,100,1.76,NG,1714254024
387,Kharp,66.8014,65.8081,269.66,92,72,2.91,RU,1714254024
388,Pemangkat,1.1667,108.9667,300.61,82,97,0.69,ID,1714254024
389,Lihue,21.9789,-159.3672,298.92,80,75,4.63,US,1714253926
390,Ancud,-41.8697,-73.8203,283.63,84,100,7.77,CL,1714253906
391,Port douglas,-16.4833,145.4667,298.44,83,86,7.15,AU,1714253918
392,Mashhad,36.297,59.6062,286.23,50,0,0.0,IR,1714254025
393,Yahyali,38.1023,35.357,286.09,89,100,2.3,TR,1714254025
394,Mumbwa,-14.9783,27.0619,289.22,61,0,2.43,ZM,1714254025
395,Anna regina,7.2644,-58.5077,299.94,72,95,3.59,GY,1714253925
396,Al qubbah,32.7616,22.2424,286.88,55,0,1.35,LY,1714254025
397,Enewetak,11.3474,162.3373,300.62,74,100,8.18,MH,1714253919
398,Salinopolis,-0.6136,-47.3561,298.52,90,100,3.13,BR,1714253899
399,Nadym,65.5333,72.5167,271.46,91,100,3.37,RU,1714253938
400,Nicoya,10.1483,-85.452,301.39,72,100,1.81,CR,1714254025
401,Tame,6.461,-71.73,300.15,74,86,1.69,CO,1714254025
402,Panagar,23.3,79.9833,301.54,42,68,1.41,IN,1714254025
403,Tam ky,15.5667,108.4833,299.21,75,5,1.63,VN,1714254026
404,Zima,53.9202,102.0442,275.33,93,98,2.58,RU,1714254026
405,Sitangkai,4.6628,119.3928,302.12,76,100,4.65,PH,1714253706
406,Miajadas,39.1513,-5.9084,281.07,82,4,2.2,ES,1714254026
407,Dzhalagash,45.0833,64.6667,284.51,22,0,4.36,KZ,1714254026
408,Boa vista,2.8197,-60.6733,306.14,46,20,3.6,BR,1714254026
409,Kudahuvadhoo,2.6708,72.8944,302.7,75,100,5.33,MV,1714253935
410,Barcelos,41.5388,-8.6151,285.84,92,15,2.31,PT,1714253688
411,Grand falls-windsor,48.9332,-55.6649,279.54,51,16,2.24,CA,1714254026
412,New norfolk,-42.7826,147.0587,281.32,89,46,0.94,AU,1714254026
413,Baalbek,34.0058,36.2181,292.25,47,100,4.86,LB,1714253778
414,Le vauclin,14.5452,-60.8388,302.18,61,75,5.14,MQ,1714254026
415,Fort st. john,56.2499,-120.8529,285.09,30,40,1.03,CA,1714253945
416,Lockwood,45.8191,-108.4149,291.16,35,75,7.72,US,1714254026
417,Tuxpan,19.55,-103.4,305.12,35,84,4.81,MX,1714254026
418,Kingston,17.997,-76.7936,304.68,58,20,4.63,JM,1714253459
419,Uruacu,-14.5247,-49.1408,300.21,60,65,0.76,BR,1714254027
420,Kokkola,63.8385,23.1307,275.39,95,100,2.06,FI,1714254027
421,Kuqa,41.7278,82.9364,287.09,22,100,5.45,CN,1714254027
422,Carnarvon,-24.8667,113.6333,297.59,66,67,1.8,AU,1714253945
423,La ronge,55.1001,-105.2842,277.29,35,20,6.17,CA,1714253935
424,Najaf,31.9985,44.3398,301.03,26,0,3.6,IQ,1714254027
425,Tsiombe,-25.3,45.4833,293.12,89,10,1.82,MG,1714253900
426,Beyneu,45.3167,55.2,288.91,26,9,4.54,KZ,1714254027
427,Kenai,60.5544,-151.2583,285.2,43,0,7.2,US,1714253731
428,Waingapu,-9.6567,120.2641,299.49,88,89,6.3,ID,1714253906
429,Sao joao da barra,-21.6403,-41.0511,298.2,81,0,6.53,BR,1714253922
430,Inirida,3.8653,-67.9239,300.14,80,87,0.94,CO,1714254027
431,Luwuk,-0.9516,122.7875,296.42,91,74,1.44,ID,1714253911
432,Kurumkan,54.3,110.3,274.89,65,100,3.58,RU,1714254028
433,Mo i rana,66.3128,14.1428,276.11,76,100,0.0,NO,1714254028
434,Lesosibirsk,58.2358,92.4828,273.66,92,100,2.53,RU,1714254028
435,Pimentel,-6.8367,-79.9342,298.31,65,0,9.26,PE,1714254028
436,Yatou,37.15,122.3833,287.0,76,100,1.37,CN,1714254028
437,Vellinge,55.4712,13.0197,282.52,74,100,8.26,SE,1714254028
438,Mont-laurier,46.5501,-75.4993,283.94,92,100,5.48,CA,1714254028
439,Chinchilla,-26.75,150.6333,289.27,90,16,2.24,AU,1714254028
440,East hampton,37.0374,-76.3316,293.26,65,75,6.17,US,1714253769
441,Massenya,11.4039,16.1705,306.66,9,89,4.32,TD,1714254028
442,Lagoa,39.05,-27.9833,287.28,68,100,5.74,PT,1714253905
443,Hillsboro,45.5229,-122.9898,284.82,81,100,5.66,US,1714253958
444,Papao,-17.75,-149.55,303.97,83,27,10.73,PF,1714253923
445,Ngorongoro,-3.2397,35.4875,285.43,98,90,1.86,TZ,1714254029
446,Kutum,14.2,24.6667,300.09,17,34,3.05,SD,1714254029
447,Mossel bay,-34.1831,22.146,290.11,81,99,6.36,ZA,1714254029
448,Caribou,46.8606,-68.012,290.07,25,0,3.09,US,1714253937
449,Hradec nad moravici,49.8704,17.8784,283.02,91,3,1.34,CZ,1714254029
450,Wuchang,44.9143,127.15,281.5,46,91,4.56,CN,1714254029
451,Zaozersk,69.4005,32.4476,271.31,89,100,3.4,RU,1714254029
452,Gorodishche,48.8045,44.4744,291.64,52,0,7.0,RU,1714254029
453,Fortaleza,-3.7227,-38.5247,302.22,79,75,1.03,BR,1714253682
454,Antofagasta,-23.65,-70.4,291.75,85,0,1.82,CL,1714253644
455,El bauga,18.262,33.9081,303.56,21,3,5.75,SD,1714254029
456,Pudasjarvi,65.3833,26.9167,273.49,97,100,1.52,FI,1714254029
457,Garbahaarrey,3.3289,42.2209,299.78,78,98,6.27,SO,1714254030
458,Callao,-12.0667,-77.15,296.31,68,0,4.12,PE,1714253673
459,Raton,36.9034,-104.4391,286.49,23,100,9.26,US,1714254030
460,Mchinji,-13.7984,32.8802,287.31,94,0,2.57,MW,1714253897
461,El quebrachal,-25.2833,-64.0667,293.19,83,95,5.16,AR,1714254030
462,Rawson,-43.3002,-65.1023,286.17,35,13,9.87,AR,1714254030
463,Dan khun thot,15.2085,101.7714,299.95,70,8,2.48,TH,1714254030
464,Skovorodino,53.9833,123.9167,271.39,57,7,1.04,RU,1714254030
465,Ulimang,7.6242,134.6421,299.38,83,100,7.32,PW,1714254030
466,Sao gabriel da cachoeira,-0.1303,-67.0892,300.29,82,25,0.64,BR,1714254030
467,Uliastay,47.7417,96.8444,263.85,85,76,3.2,MN,1714253926
468,Campo verde,-20.4167,-54.0667,298.61,61,0,3.3,BR,1714254030
469,Sao mateus,-18.7161,-39.8589,295.56,74,6,1.34,BR,1714253948
470,Necochea,-38.5473,-58.7368,282.96,44,0,4.5,AR,1714253925
471,Zyryanskoye,56.8306,86.6258,278.84,62,100,5.31,RU,1714253913
472,Daxing,39.7214,116.3292,286.13,32,100,4.06,CN,1714254031
473,Akureyri,65.6835,-18.0878,276.11,87,75,2.06,IS,1714254031
474,Tanjung pandan,-2.75,107.65,298.95,92,100,3.02,ID,1714254031
475,Howard springs,-12.497,131.047,296.1,83,88,2.74,AU,1714254031
476,La serena,-29.9078,-71.2542,289.88,72,0,6.69,CL,1714253801
477,Colimes,-1.55,-80.0167,300.97,80,91,1.41,EC,1714254031
478,Hotan,37.0997,79.9269,288.95,25,100,3.77,CN,1714254031
479,Sainte-rose,16.3324,-61.6979,301.58,65,75,4.63,GP,1714254031
480,Amga,60.8953,131.9608,268.1,71,47,2.84,RU,1714254031
481,Flin flon,54.7682,-101.865,276.06,28,0,2.57,CA,1714253898
482,Winnemucca,40.973,-117.7357,287.18,41,20,3.6,US,1714254031
483,La'ie,21.6477,-157.9253,301.13,75,100,2.24,US,1714254031
484,Hazard,37.2495,-83.1932,298.98,52,87,3.61,US,1714254031
485,Santa ana de yacuma,-13.75,-65.4333,307.12,55,75,3.09,BO,1714254031
486,Bumba,2.1833,22.4667,296.88,89,57,1.16,CD,1714254032
487,Bongouanou,6.6486,-4.1992,297.8,96,100,1.44,CI,1714254032
488,Haiku-pauwela,20.9219,-156.3051,299.38,84,40,7.72,US,1714253902
489,Pasuquin,18.3328,120.6177,300.12,94,20,1.03,PH,1714254032
490,Ayorou,14.7308,0.9174,306.96,10,17,1.93,NE,1714254032
491,Los altos,37.3852,-122.1141,297.07,57,0,7.2,US,1714253857
492,Carnot,4.9409,15.8665,295.19,93,97,0.59,CF,1714254032
493,Taltal,-25.4,-70.4833,291.68,80,35,2.18,CL,1714254021
494,Westport,41.1415,-73.3579,287.94,45,40,7.2,US,1714253926
495,Amos,48.5669,-78.1162,281.48,92,100,6.56,CA,1714253746
496,Griffith,41.5284,-87.4237,299.2,74,100,7.72,US,1714254032
497,Pauini,-7.7136,-66.9764,299.14,94,97,0.52,BR,1714254033
498,Salalah,17.0151,54.0924,302.2,74,40,2.57,OM,1714254033
499,Midvagur,62.0511,-7.1939,279.61,81,75,8.75,FO,1714253939
500,Plastun,44.7561,136.2939,281.8,66,100,2.15,RU,1714254033
501,Kolwezi,-10.7148,25.4667,286.41,73,0,2.93,CD,1714254033
502,Winfield,37.2398,-96.9956,290.2,91,100,5.66,US,1714254033
503,Kayangel,8.0823,134.7173,301.45,83,100,8.83,PW,1714254033
504,Shumikha,55.2261,63.2961,286.52,88,100,7.12,RU,1714254033
505,Camana,-16.6228,-72.7111,293.7,77,48,3.0,PE,1714253945
506,Heyuan,23.7333,114.6833,296.7,97,87,0.45,CN,1714254033
507,Shahin dezh,36.6793,46.5669,286.77,33,0,2.16,IR,1714254033
508,Carmo do paranaiba,-19.0008,-46.3161,295.79,74,15,1.7,BR,1714254033
509,Fukuecho,32.6881,128.8419,290.99,77,77,1.97,JP,1714254033
510,Smidovich,48.6,133.8167,278.32,40,94,5.28,RU,1714254033
511,Nova vicosa,-17.8919,-39.3719,298.22,72,0,2.68,BR,1714253902
512,Noumea,-22.2763,166.4572,298.15,99,16,4.5,NC,1714254034
513,Brownfield,33.1812,-102.2744,302.01,11,42,7.31,US,1714253817
514,Bodo,67.28,14.405,278.68,69,0,4.12,NO,1714254034
515,Ponta delgada,37.7333,-25.6667,288.55,72,75,3.6,PT,1714254034
516,Mawu,29.5923,107.3139,288.34,87,0,1.75,CN,1714254034
517,Bel ombre,-4.6167,55.4167,301.94,78,100,3.53,SC,1714254034
518,Watsa,3.0372,29.5355,294.98,68,92,1.39,CD,1714254034
519,Hoganas,56.1997,12.558,282.65,75,99,2.68,SE,1714254034
520,Brookings,44.3114,-96.7984,283.34,92,100,4.12,US,1714253802
521,Hun,29.1268,15.9477,303.78,10,96,7.22,LY,1714254034
522,Pionerskiy,54.9508,20.2275,281.06,81,14,4.3,RU,1714254034
523,Fort mcmurray,56.7268,-111.381,286.92,22,75,6.69,CA,1714253809
524,Eyl,7.9803,49.8164,301.83,76,47,4.44,SO,1714254034
525,Minas de marcona,-15.2119,-75.1103,290.93,70,0,7.65,PE,1714253923
526,Soe,-9.8607,124.284,292.61,91,100,2.25,ID,1714254035
527,Urangan,-25.3,152.9,291.59,96,8,2.68,AU,1714254035
528,Kilkeel,54.062,-6.0031,278.68,77,38,2.49,GB,1714254035
529,Ola,59.5833,151.2833,273.23,98,100,2.67,RU,1714253925
530,Conduaga,8.862,117.4893,299.39,83,99,1.29,PH,1714253903
531,Copala,16.65,-98.9833,301.65,64,29,4.35,MX,1714254035
532,Indramayu,-6.3264,108.32,300.7,82,96,4.12,ID,1714254035
533,Puente-genil,37.3894,-4.7669,287.28,80,39,3.26,ES,1714254035
534,Meridian,43.6121,-116.3915,292.68,37,40,6.17,US,1714253907
535,Novo aripuana,-5.1206,-60.3797,298.9,94,76,1.45,BR,1714253915
536,Mersing,2.4312,103.8405,299.1,94,20,3.09,MY,1714254035
537,Blenheim,-41.516,173.9528,286.86,53,8,1.5,NZ,1714254035
538,Huilong,31.8111,121.655,289.59,92,100,5.91,CN,1714254036
539,Pokrovsk,48.282,37.1758,287.6,81,83,5.62,UA,1714254036
540,Grootfontein,-19.5667,18.1167,292.91,40,66,2.06,NA,1714254036
541,Bandarbeyla,9.4942,50.8122,301.23,69,77,1.45,SO,1714254036
542,Scone,56.4194,-3.4051,279.82,84,25,0.45,GB,1714254036
543,Asha,54.9973,57.2722,290.23,75,100,5.66,RU,1714254036
544,Sidney,-33.8679,151.2073,287.81,89,20,2.57,AU,1714253974
545,Boende,-0.2167,20.8667,297.39,82,100,0.08,CD,1714254036
546,Mogoytuy,51.2833,114.9167,272.22,59,7,2.44,RU,1714254036
547,Totness,5.8833,-56.3167,299.98,79,94,4.03,SR,1714254036
548,Rumbek,6.802,29.6912,302.89,44,53,2.13,SS,1714254036
549,Brilon,51.4,8.5833,284.85,73,97,2.75,DE,1714254036
550,Torghay,49.6339,63.4981,283.2,36,22,1.87,KZ,1714254037
551,Arkhara,49.4212,130.0842,273.58,56,57,3.13,RU,1714254037
552,Mutuali,-14.8706,37.0044,290.08,97,52,1.65,MZ,1714254037
553,Khorixas,-20.3667,14.9667,297.83,22,10,1.22,NA,1714254037
554,Dakhla,23.6848,-15.958,291.16,82,0,6.69,EH,1714254037
555,Podujeva,42.9106,21.1931,282.68,82,2,1.17,XK,1714254037
556,Gaalkacyo,6.7697,47.4308,304.4,48,99,2.57,SO,1714254037
557,Lashio,22.9333,97.75,292.52,42,21,0.31,MM,1714254037
558,Ouani,-12.1322,44.4258,300.06,82,100,3.42,KM,1714254037
559,Rocky mountain house,52.3668,-114.9188,290.21,29,86,1.54,CA,1714254037
560,Usinsk,65.9939,57.5281,271.52,93,100,6.26,RU,1714253939
561,Bom jesus,-9.0744,-44.3586,299.79,65,84,1.6,BR,1714254037
562,Gijang,35.2442,129.2139,284.0,74,6,0.82,KR,1714254037
563,Zemio,5.0314,25.1361,295.93,88,93,2.3,CF,1714254037
564,Labasa,-16.4167,179.3833,303.1,69,71,4.08,FJ,1714254037
565,Aripuana,-9.1667,-60.6333,298.28,95,88,0.83,BR,1714253907
566,Albertina,-22.2008,-46.6158,293.17,77,49,2.56,BR,1714254038
567,Douz,33.4663,9.0203,290.41,76,0,9.45,TN,1714254038
568,Chimoio,-19.1164,33.4833,292.07,94,75,3.02,MZ,1714254038
569,Kayyerkan,69.3786,87.7439,264.97,95,100,2.92,RU,1714254038
570,Rongelap,11.1635,166.8941,300.55,74,89,8.32,MH,1714253911
571,Sao tome,0.3365,6.7273,302.17,79,20,3.09,ST,1714253933
572,Sidi khaled,34.387,4.9879,295.03,37,0,8.57,DZ,1714254038
573,Cachoeiro de itapemirim,-20.8489,-41.1128,294.35,91,6,0.71,BR,1714253809
574,Gamba,-2.65,10.0,300.08,90,30,2.61,GA,1714254038
575,Mimoso do sul,-21.0642,-41.3664,292.9,94,40,0.68,BR,1714254038
576,Broome,42.2506,-75.833,284.76,70,100,5.66,US,1714254038
577,Illizi,26.4833,8.4667,305.04,13,23,3.69,DZ,1714253906
